525;293;16;174;179;23;170;717;13;13;1;5;160;30;405;2439;316;145;17;35;9;0;16;36;188;43;3;15;465;31;1236;1339;20;10;1;3;12;0;7;48;1;2;0;0;3;1;6;26;133;21;4;3;16;0;23;35;174;8;4;4;568;10;797;402;200;7;6;12;53;3;13;29;14;0;3;1;35;0;18;16;19;4;0;1;4;0;0;1;16;2;2;3;26;1;19;26;143;13;7;22;23;0;3;34;1;1;1;0;7;1;16;22;670;23;47;43;31;0;29;52;932;12;21;18;636;7;356;160;12;157;1;150;8;16;2;943;0;10;0;3;6;44;6;1172;20;32;0;7;0;2;2;10;3;4;0;12;45;33;16;417;3;2;0;3;0;3;0;18;0;0;0;0;1;0;1;10;1;14;0;4;4;2;0;21;4;7;0;14;17;11;7;330;185;427;2;641;32;22;14;589;12;37;1;12;8;30;7;399;24;35;2;8;0;3;1;18;31;39;0;16;36;54;22;153;377;1276;8;739;15;9;12;363;6;21;0;2;3;11;25;423;2623;1441;28;351;16;16;18;152;1129;433;8;302;405;144;444;1322;1
513;277;9;228;211;17;228;808;14;10;0;1;193;22;363;1778;307;100;11;18;19;1;21;29;233;20;3;9;829;34;1685;1150;14;16;1;9;15;0;9;45;1;0;0;0;3;0;5;26;212;33;7;3;14;0;35;44;360;19;1;13;1753;6;1236;446;271;9;15;15;85;3;25;35;15;0;0;1;29;2;16;10;15;2;0;1;5;0;0;0;20;1;0;0;27;1;7;6;211;20;8;42;35;0;9;38;4;1;0;1;12;2;8;17;807;33;46;37;32;1;44;44;1458;13;25;18;1122;9;424;121;19;209;0;416;20;18;4;1573;0;9;0;7;6;39;5;1236;17;17;0;18;0;0;0;10;12;7;0;8;39;39;31;408;1;2;0;7;0;1;0;13;0;0;0;0;1;0;0;10;3;9;0;13;1;2;0;22;3;7;0;18;23;21;9;383;181;928;5;1717;27;28;15;1070;15;64;1;20;6;36;7;409;16;26;4;12;1;2;1;15;41;40;0;10;40;42;22;103;398;1960;4;1363;19;14;9;431;2;28;0;4;15;16;16;422;1707;1212;20;468;20;15;18;123;1184;450;7;380;394;133;397;1230;0
359;208;14;138;204;15;158;601;15;13;0;2;170;9;280;1340;206;83;12;18;11;0;8;29;141;22;1;4;530;18;1176;839;14;18;1;5;9;0;8;40;0;0;0;0;0;2;1;23;147;18;4;4;15;0;24;23;266;10;2;8;1175;4;890;330;210;8;8;13;85;0;18;20;5;0;1;1;20;0;11;10;12;0;0;1;2;0;0;2;16;0;0;0;26;0;4;12;169;14;11;28;12;0;8;25;5;0;0;0;6;0;8;14;655;21;34;29;34;1;34;35;1282;8;22;7;874;8;290;83;17;155;1;264;11;14;2;1288;1;10;0;4;8;34;3;957;10;28;1;17;0;0;2;8;10;3;0;6;37;19;14;362;2;3;0;5;2;0;1;10;0;0;0;0;0;1;0;9;2;9;0;5;1;0;0;13;5;9;0;13;16;12;7;275;156;596;1;1321;18;22;8;866;5;40;0;10;9;26;3;330;13;27;0;10;0;1;1;7;28;19;1;12;23;39;15;100;284;1240;4;968;6;9;5;303;5;18;0;6;10;13;8;269;1556;954;12;321;7;10;15;80;1049;389;11;267;311;85;290;860;0
396;225;10;161;207;11;141;724;15;8;3;3;170;8;349;1810;211;75;10;15;7;3;7;29;173;24;4;9;653;24;1586;1301;12;15;2;4;11;0;4;37;1;0;0;0;5;0;7;16;172;19;7;4;15;0;18;24;324;8;4;3;1587;19;1142;410;202;11;11;11;68;2;23;24;19;1;1;4;27;1;9;14;12;1;0;0;4;0;1;1;14;0;1;0;25;0;14;7;133;14;7;27;23;0;5;32;3;0;0;0;6;1;9;12;656;28;35;33;40;2;39;38;1574;6;13;16;1164;13;347;136;12;166;0;349;11;15;2;1957;0;11;0;5;14;24;3;1297;13;28;3;14;1;1;1;12;5;6;0;4;43;25;20;403;1;3;0;9;1;1;1;16;0;0;0;1;1;0;0;6;3;5;0;10;0;1;0;18;3;7;0;11;12;9;7;259;176;660;5;1580;26;35;7;1235;9;39;1;18;4;29;7;423;19;40;1;12;0;0;1;14;15;26;1;16;22;56;17;138;332;1600;2;1089;6;12;6;389;4;15;0;8;6;14;15;283;1847;1232;21;377;12;11;19;141;1146;338;6;292;366;102;286;1035;1
451;218;13;152;194;19;146;884;17;15;1;3;179;26;239;2026;183;69;6;17;5;1;12;20;165;20;2;6;489;23;1010;742;21;12;0;9;9;0;5;57;0;0;0;1;2;0;7;22;165;15;3;3;10;2;38;29;317;14;2;5;1003;6;720;282;226;11;5;19;48;0;13;27;21;0;0;5;20;0;5;17;25;2;0;0;2;0;1;1;28;0;0;0;29;1;5;9;144;14;9;25;13;0;11;44;4;0;0;0;5;0;8;13;897;27;57;37;26;2;33;43;2135;11;31;27;882;13;329;122;15;176;1;242;21;31;3;2002;2;4;0;5;18;36;3;1457;16;20;3;7;0;0;2;13;9;13;0;4;47;36;19;291;1;5;0;5;0;1;0;22;0;0;0;0;0;0;1;17;4;4;0;11;3;3;0;23;5;4;1;12;17;18;4;275;184;481;2;874;24;29;7;784;16;50;0;20;6;34;10;331;27;25;0;3;0;1;0;8;43;31;0;14;36;28;8;82;286;928;5;729;12;8;8;313;3;18;1;1;6;15;14;251;2066;854;28;299;10;8;32;129;1398;294;15;310;353;117;273;1021;1
483;294;14;212;242;12;213;811;17;26;1;5;194;28;408;1891;270;105;11;22;13;2;15;28;215;27;1;14;863;35;1888;1229;16;18;0;8;8;0;8;41;1;1;0;0;3;0;7;20;175;36;10;8;21;1;37;34;375;15;4;4;1605;13;1236;428;251;12;13;12;75;1;28;32;17;0;1;1;26;0;8;15;14;1;0;0;2;0;1;0;14;0;2;0;30;2;14;12;196;24;9;40;25;0;7;39;2;2;0;0;8;2;12;17;831;36;55;28;27;1;41;37;1625;11;28;16;1056;7;431;143;19;191;1;358;16;20;4;1598;1;4;1;10;10;42;2;1165;12;31;0;18;0;0;0;9;10;8;1;8;62;32;17;432;2;1;0;7;0;2;0;29;0;0;0;0;0;0;0;4;7;6;0;7;1;1;0;17;3;10;0;13;28;15;7;368;225;793;4;1642;25;24;13;1055;13;53;0;20;11;33;8;403;22;33;2;11;1;1;1;6;32;26;1;22;32;50;18;125;426;1811;2;1217;10;18;9;413;3;24;0;9;6;14;15;345;2113;1264;21;397;14;6;15;118;1255;398;8;369;423;137;391;1176;0
282;249;7;112;166;11;105;505;21;7;0;4;142;16;376;2061;267;177;10;21;12;0;12;33;190;34;3;10;602;37;2173;2391;13;10;0;9;7;1;7;19;1;0;1;0;3;0;2;15;188;30;4;4;9;1;13;29;298;15;2;4;1108;20;1228;580;189;5;3;13;78;1;12;19;5;0;1;0;29;0;17;19;10;1;0;1;2;1;0;0;12;1;1;0;33;2;17;36;157;18;3;7;24;0;4;21;1;0;0;1;12;3;6;5;709;38;32;22;26;1;18;52;1472;17;17;9;1390;39;514;302;10;130;2;148;9;8;2;803;1;6;0;4;3;15;6;1044;14;25;0;13;0;1;0;8;8;9;0;6;37;25;9;531;1;2;0;1;0;1;0;8;1;1;0;1;0;0;1;4;0;14;0;4;1;3;0;7;2;3;0;10;11;12;9;278;115;449;1;696;23;24;5;840;2;24;0;14;3;17;4;399;10;46;0;10;1;2;0;18;19;18;2;10;21;50;8;282;433;1925;4;915;10;17;7;408;2;16;1;8;5;8;16;419;2483;2550;10;552;24;39;13;299;1563;659;6;310;576;384;503;2205;0
558;352;24;264;279;14;210;842;13;13;1;3;197;26;446;1875;333;151;11;48;19;1;23;32;257;32;5;17;999;45;2280;1539;22;22;1;8;16;0;8;50;0;0;0;0;1;1;5;22;214;42;9;6;18;0;43;45;472;20;9;13;1999;10;1580;453;265;16;13;15;105;5;32;37;13;1;1;4;29;0;12;18;20;3;0;0;1;0;0;1;15;1;0;1;34;0;6;15;267;17;10;34;32;0;13;51;1;1;0;0;8;4;13;19;837;41;56;51;46;2;42;55;1792;16;29;24;1234;14;531;180;10;237;0;387;15;20;3;1658;0;12;0;3;11;39;7;1264;13;36;2;25;0;0;0;11;7;10;0;5;66;38;23;493;2;2;0;7;0;1;0;23;0;0;0;2;0;1;0;7;3;13;0;11;0;6;0;22;2;5;0;13;34;25;14;440;214;944;1;2024;16;45;14;1299;10;58;0;22;10;39;15;481;17;45;2;19;0;1;0;14;40;51;0;18;49;69;34;182;457;2315;1;1533;18;17;10;506;7;21;0;9;12;26;32;577;1780;1479;28;501;17;28;25;194;1318;517;9;426;496;195;517;1611;0
447;235;16;175;273;15;163;842;22;14;0;3;201;13;360;2149;231;93;12;15;11;2;18;13;217;29;1;5;814;27;2413;1536;16;7;5;8;17;0;8;41;2;0;0;0;6;4;3;16;174;22;4;11;15;0;35;26;447;14;1;10;2403;10;1581;451;262;14;11;18;122;1;31;25;11;0;1;1;37;1;14;9;20;2;0;0;1;0;1;0;12;4;1;1;31;0;12;11;205;15;6;33;33;2;5;34;3;1;0;1;14;3;4;21;870;38;59;32;31;2;42;53;3305;16;26;17;1867;13;514;155;16;160;1;456;19;18;5;2891;2;10;0;4;7;26;5;1598;13;21;0;22;0;0;5;10;9;6;1;5;47;32;21;406;1;5;0;3;1;1;0;22;0;0;0;1;0;1;0;4;2;13;0;11;1;3;0;19;3;9;0;9;17;23;6;373;175;716;3;2602;32;29;9;1819;6;51;0;16;13;31;8;448;15;30;1;11;3;0;4;21;24;53;1;8;39;49;7;148;297;1933;0;1204;18;15;7;405;2;17;0;9;9;22;15;288;1907;1227;19;412;21;27;15;179;1613;453;10;382;482;165;316;1323;1
453;309;16;227;188;12;180;822;13;13;2;7;195;21;468;2480;294;113;14;35;11;3;18;44;176;35;4;11;846;30;2785;1662;22;14;3;3;8;0;11;49;1;2;0;0;2;2;4;15;208;30;5;6;18;1;29;29;312;15;5;10;1753;7;1435;403;205;3;13;13;60;1;23;30;10;0;1;1;21;0;13;13;8;7;0;1;0;0;0;2;10;0;1;3;34;0;18;9;177;16;8;32;17;2;6;25;4;2;0;0;11;0;13;14;773;31;40;29;26;0;29;44;1558;9;23;9;1068;13;391;151;12;209;4;329;13;15;2;1561;0;8;0;1;9;30;2;1487;21;28;3;10;0;0;2;19;5;5;0;4;43;25;21;424;1;3;0;2;0;3;0;19;1;0;0;0;0;0;0;12;5;13;0;6;1;3;0;18;6;6;1;6;20;17;8;301;176;843;1;1730;23;29;9;1075;8;45;0;21;10;30;10;440;14;24;1;14;2;0;1;10;28;37;1;15;29;54;20;160;483;2749;5;1403;18;10;6;436;3;19;1;10;10;13;13;379;2562;1577;26;414;4;10;23;159;1381;368;8;270;433;114;383;1140;1
370;227;11;142;214;11;200;603;8;11;1;3;169;14;290;1443;183;67;10;23;8;0;12;25;184;21;1;15;611;26;1251;998;9;6;1;5;10;0;6;40;0;1;0;0;3;3;3;19;150;10;6;6;18;0;33;14;306;12;9;3;1422;9;979;377;223;9;11;9;85;2;33;47;8;0;0;1;27;1;10;11;10;1;1;0;3;0;0;1;18;0;0;3;29;0;12;7;157;14;9;21;28;0;3;35;0;1;0;0;7;1;7;16;711;37;52;28;24;0;31;28;1493;2;19;12;1033;10;336;114;11;170;0;293;8;17;6;1363;1;9;0;4;6;35;4;1044;7;24;0;13;0;1;3;9;9;9;1;7;45;30;17;374;2;3;0;6;3;0;0;18;0;0;0;0;1;0;1;13;1;9;0;7;0;2;0;12;4;4;0;15;8;15;7;334;197;629;1;1256;36;29;15;1076;10;40;1;16;2;26;9;365;14;25;1;13;0;0;3;8;25;30;0;14;29;36;11;121;293;1326;4;1001;11;17;5;333;5;16;0;5;10;9;13;279;1455;1047;11;376;9;12;12;142;1027;392;8;340;369;127;287;1122;0
387;323;12;150;142;10;128;477;14;8;1;2;125;11;424;1964;353;142;17;28;7;0;25;36;153;28;6;8;594;28;2499;1568;20;16;1;9;8;0;7;34;1;1;0;0;1;1;3;17;151;36;10;4;6;0;20;25;179;8;3;4;834;10;940;331;119;11;8;10;30;4;19;21;10;0;2;2;19;0;12;7;10;2;0;1;0;0;0;1;8;2;0;1;17;0;9;11;142;23;7;27;19;0;2;27;3;2;0;0;8;2;8;12;507;32;51;25;21;1;27;50;644;12;24;8;551;14;328;128;9;162;1;137;10;12;5;685;2;7;0;2;8;22;6;765;9;23;0;8;0;2;2;15;6;3;0;5;38;34;20;316;1;12;0;4;1;1;0;18;0;0;0;1;0;0;1;2;2;11;0;7;0;1;0;17;2;6;0;8;9;22;7;234;128;619;2;756;20;18;7;590;8;40;0;16;4;32;7;323;10;41;2;5;0;0;0;8;29;29;0;19;34;43;26;145;467;2929;7;993;13;12;5;336;5;22;0;4;9;25;25;419;2058;1638;17;333;8;11;15;134;801;323;4;220;347;127;401;1115;1
332;181;13;157;192;13;158;626;12;6;2;3;144;13;297;1408;168;65;13;19;13;1;10;20;122;16;1;8;585;29;1357;986;13;5;1;6;10;0;7;25;0;2;0;0;2;0;3;19;147;14;5;7;14;1;12;23;325;8;2;9;1637;5;999;344;207;4;5;19;69;0;26;29;21;0;2;0;19;0;10;7;12;2;0;0;1;0;0;0;22;0;0;1;27;1;13;8;138;7;4;20;27;0;6;17;2;0;0;0;11;2;3;13;697;27;28;22;30;1;14;40;2049;6;12;10;1169;12;310;117;6;174;0;347;11;16;2;1973;0;5;0;1;0;23;2;1037;8;19;0;8;0;0;0;7;11;5;0;4;32;16;17;294;1;5;0;4;0;2;0;16;0;1;0;0;0;0;0;6;3;11;0;2;0;1;0;11;3;7;0;15;19;8;1;238;190;658;4;1782;27;33;8;1212;6;28;0;13;9;21;5;309;7;27;0;8;0;1;0;10;24;19;0;7;13;36;11;103;338;1558;6;1107;14;10;6;353;4;10;1;5;6;8;2;235;1774;1078;15;381;6;10;15;139;1141;371;7;252;325;111;285;914;1
659;348;35;231;278;20;224;822;28;20;1;9;208;31;398;1911;339;90;26;28;19;2;38;39;193;34;6;14;947;30;1990;1090;23;32;4;13;25;0;18;60;3;3;0;0;9;3;13;24;235;29;14;11;41;1;47;46;381;14;9;11;2091;18;1443;440;262;23;23;40;80;2;28;34;15;0;4;3;32;0;12;14;18;2;1;1;3;0;0;0;35;0;1;0;33;0;12;11;247;35;14;55;24;0;14;43;4;0;0;1;13;2;12;21;860;36;45;37;27;0;35;48;1635;14;31;24;1061;7;445;152;33;190;2;360;14;22;3;1720;2;13;0;5;13;42;11;1338;23;26;1;23;0;0;2;17;10;13;0;13;65;34;28;410;2;10;0;9;3;5;0;27;0;0;0;0;0;0;1;7;6;8;0;7;1;3;0;23;4;5;0;11;34;31;13;387;202;893;6;1987;19;30;12;1127;5;82;0;34;7;40;13;423;35;29;3;10;0;1;0;18;34;38;0;32;39;50;23;161;464;2213;7;1410;18;11;14;441;5;35;0;23;14;30;19;389;2114;1336;31;467;12;14;35;149;1274;469;18;367;443;168;431;1340;1
356;145;13;149;251;10;123;501;16;6;0;5;175;9;174;919;140;50;2;23;16;1;12;20;142;16;1;5;762;14;1114;689;21;14;1;8;10;0;8;50;0;3;0;0;8;1;2;11;162;24;9;7;18;0;13;37;372;14;7;4;2933;11;1314;333;253;14;18;14;93;3;32;29;7;1;0;2;15;0;13;10;4;0;0;0;1;0;0;0;17;0;0;1;28;2;10;19;173;12;11;28;27;0;11;22;1;1;0;0;11;1;5;8;455;33;45;20;40;2;22;35;1409;15;20;17;1351;12;344;144;9;134;2;344;13;14;7;1418;1;4;0;4;9;16;6;845;4;16;0;6;0;1;0;8;3;4;0;3;35;23;9;360;0;0;0;4;1;2;0;20;1;0;0;1;0;1;0;2;3;4;0;8;0;2;0;8;3;12;0;7;28;30;11;332;145;751;8;3266;19;24;9;1408;8;44;0;30;6;25;5;326;6;22;1;15;1;0;0;14;24;27;0;22;34;42;12;165;223;1300;4;1428;11;7;6;363;4;14;0;10;2;17;12;235;800;869;16;336;8;11;11;164;736;326;7;339;331;127;236;1039;1
573;298;16;255;313;16;233;868;17;13;1;4;255;24;462;1651;288;95;17;32;15;1;12;46;225;35;7;10;873;41;1619;1261;15;26;1;13;17;0;6;48;3;1;0;0;5;0;6;26;250;25;18;6;18;1;46;52;351;14;2;11;1563;17;1222;491;323;19;21;22;125;1;26;51;21;1;1;1;43;0;25;8;17;3;0;0;2;0;1;0;25;0;2;4;36;0;16;21;236;17;7;53;37;1;12;44;4;1;0;1;16;0;10;32;794;35;71;54;37;1;42;54;1428;17;20;23;1102;14;514;156;17;216;1;405;18;13;2;1599;1;9;0;2;7;57;5;1233;16;41;0;24;0;0;0;16;4;5;0;15;73;58;19;503;2;5;0;7;1;2;0;25;0;0;0;0;0;0;0;10;4;18;0;8;1;1;0;28;5;8;0;19;16;25;17;460;267;853;2;1686;38;43;9;1286;11;50;0;28;6;47;13;511;23;38;0;6;2;1;0;11;52;55;2;22;52;53;15;162;358;1485;4;1294;22;15;13;473;4;20;0;12;13;31;20;461;1441;1141;23;471;15;10;25;146;1161;472;7;472;445;143;479;1506;0
512;308;21;254;216;17;171;873;21;18;2;6;176;22;421;2487;290;101;4;27;8;2;12;48;221;35;8;11;702;39;2113;1654;14;13;3;7;12;0;7;65;0;3;0;0;7;0;6;19;198;25;6;6;15;1;39;34;276;15;1;7;1194;13;1109;471;216;14;8;14;75;4;28;32;18;0;0;3;31;0;14;12;17;0;0;1;1;1;1;2;16;1;1;1;32;0;16;18;156;22;5;29;23;0;6;30;2;3;1;0;14;1;7;25;722;39;51;43;29;1;40;57;1210;19;33;25;912;14;488;188;16;206;1;295;17;18;4;1556;2;9;0;4;11;46;9;1377;11;33;1;16;0;1;2;9;10;6;0;7;68;27;24;504;2;4;0;4;4;3;1;24;0;0;0;0;1;1;0;10;6;16;0;5;2;0;0;15;1;7;0;7;20;9;12;331;172;687;6;1299;16;31;10;1018;15;57;0;16;5;33;9;478;15;42;1;11;1;1;1;12;30;38;0;16;44;61;19;193;418;1903;6;1186;23;10;8;410;3;25;1;3;11;27;22;483;2169;1411;23;420;15;15;19;179;1107;390;17;322;388;168;461;1519;1
561;243;20;203;358;17;248;788;20;14;5;1;229;17;324;1266;290;62;11;21;14;2;24;23;186;31;6;17;779;30;1343;939;15;9;0;15;19;0;7;70;2;2;0;0;8;5;2;19;202;19;12;11;26;2;44;38;458;27;8;8;1705;17;1206;413;282;22;24;28;100;3;40;35;24;0;2;1;28;0;17;7;15;0;0;0;2;0;0;0;26;1;0;1;42;0;15;6;193;19;4;41;24;1;10;39;3;1;0;0;15;1;5;14;717;22;58;42;30;0;38;35;1679;12;29;22;1301;10;427;129;17;246;0;396;14;19;3;1712;3;5;1;3;11;44;5;1146;21;15;1;14;0;0;0;12;14;5;1;11;57;26;31;420;0;7;0;10;1;1;1;18;0;0;0;0;0;0;0;8;2;17;0;14;2;0;0;31;2;11;0;22;30;23;6;457;212;717;5;1789;32;43;19;1244;9;65;1;27;12;36;12;415;20;39;2;12;0;0;0;9;41;29;0;28;38;38;18;135;350;1200;2;1065;19;12;9;413;3;19;0;6;9;21;15;345;1298;807;20;454;12;10;27;95;1117;416;13;466;412;101;356;1258;0
251;152;6;91;160;5;112;539;11;6;0;2;141;10;205;1189;97;26;9;14;7;1;11;21;96;11;3;8;459;17;1118;776;9;17;0;2;7;0;5;14;1;0;0;1;1;0;3;15;110;11;6;3;10;0;17;18;256;11;1;4;1398;3;832;270;179;4;5;8;42;1;17;25;7;0;1;0;16;0;8;6;11;1;1;1;1;0;0;1;14;0;0;1;15;1;7;10;129;7;5;16;15;0;0;20;2;0;0;0;6;1;5;14;472;23;36;16;12;0;22;21;1466;6;13;10;948;6;200;67;11;111;2;246;9;9;1;1424;1;9;0;1;4;9;3;829;11;21;0;8;0;0;1;6;1;6;0;7;23;18;7;244;1;3;0;3;0;1;0;12;0;0;0;0;0;0;1;7;0;6;0;2;0;1;0;13;4;6;0;4;10;8;4;181;117;401;5;1235;8;18;7;821;4;18;0;6;3;25;3;239;10;26;0;7;1;0;0;9;13;23;0;4;20;27;14;71;217;980;2;755;12;9;7;238;0;7;0;3;6;6;6;148;1203;735;8;241;4;12;11;80;902;242;2;163;226;90;170;673;1
557;366;19;245;263;10;282;946;20;24;0;3;253;11;456;2024;366;113;23;26;19;1;21;32;265;20;3;11;1073;23;2026;1301;20;11;3;6;26;1;14;56;0;2;0;0;2;0;7;18;253;21;11;11;23;1;42;41;474;20;4;8;2251;12;1637;468;276;13;13;20;78;1;27;38;16;0;1;4;28;0;11;13;16;1;0;1;0;0;0;0;24;2;1;3;33;0;17;7;236;30;15;45;26;0;12;40;6;1;0;0;15;2;9;15;930;23;69;38;28;0;45;38;1958;5;24;20;1278;8;490;108;26;288;2;473;13;22;4;2091;1;6;0;7;23;41;5;1442;13;27;0;12;0;0;0;12;9;10;1;12;56;40;24;484;0;4;0;4;0;1;0;27;0;0;0;0;0;0;0;11;3;12;0;4;0;1;0;17;6;11;0;14;28;16;5;404;273;987;1;2259;19;24;12;1301;9;61;0;20;9;39;9;454;19;33;1;10;0;0;0;9;36;34;0;19;39;41;24;118;455;2112;6;1493;18;5;9;449;8;19;0;8;12;18;17;452;2193;1297;17;418;15;10;18;103;1369;468;6;370;468;97;400;1219;0
472;262;19;163;215;11;171;759;16;24;1;1;158;15;353;2200;268;82;17;13;13;2;13;21;187;28;4;9;696;30;1613;1168;16;10;1;9;23;0;10;52;1;2;0;0;5;2;2;13;197;25;6;6;25;0;31;23;290;11;3;2;1457;12;996;345;242;10;17;16;55;5;20;20;15;0;2;0;22;0;10;10;12;0;0;0;3;0;1;1;21;0;2;2;19;0;11;5;173;20;13;38;24;0;8;34;1;1;1;1;9;0;6;12;833;25;51;41;32;0;25;38;1757;8;21;20;906;10;358;117;21;182;0;304;15;20;4;1764;0;14;0;4;9;36;3;1194;13;16;1;12;1;0;0;10;5;6;0;4;53;39;14;297;0;6;0;4;0;1;0;26;0;0;0;0;0;0;0;6;3;6;0;10;2;1;1;26;2;9;0;8;31;22;4;266;207;737;4;1464;16;37;8;1007;9;53;0;17;11;32;10;352;21;28;0;9;1;0;1;3;43;29;0;24;28;43;9;88;374;2023;4;1115;11;8;1;338;2;14;0;9;6;18;17;330;2063;1235;19;359;13;9;29;107;1322;358;18;294;371;114;375;1011;1
394;207;9;142;210;17;165;761;14;10;1;5;178;16;337;1674;211;63;9;21;13;2;15;31;225;21;2;8;819;42;1582;1016;9;6;2;8;15;0;7;48;4;0;0;0;2;0;7;17;203;22;9;6;12;0;39;29;393;12;7;8;1775;13;1116;397;241;6;7;14;77;2;17;24;15;0;2;0;19;0;14;18;15;1;0;2;1;0;0;1;20;1;1;4;25;1;6;14;141;19;4;33;21;0;9;32;4;1;1;0;10;1;9;18;777;33;46;34;27;1;34;38;1682;13;16;16;1176;14;424;140;23;179;1;387;15;16;1;1476;1;12;0;4;8;25;5;1043;10;23;1;12;0;1;1;9;5;9;0;12;43;43;19;343;3;2;0;5;2;6;0;20;0;0;0;0;1;0;0;9;8;10;0;4;5;2;0;17;2;8;0;6;18;15;6;338;199;753;2;1905;19;27;14;1128;7;50;0;20;3;38;5;403;17;29;1;10;0;0;1;12;35;29;0;14;24;43;20;144;313;1696;4;1192;7;6;6;379;3;19;0;8;11;13;9;311;1419;984;19;391;8;10;19;142;953;379;12;303;392;121;358;1275;0
442;224;17;196;336;15;186;706;12;9;1;1;190;18;298;1365;235;77;7;25;7;2;18;37;228;29;9;13;710;37;1330;1038;19;12;1;2;12;0;10;50;1;2;0;0;6;2;5;19;180;30;8;9;7;0;37;34;391;19;6;7;1597;16;1136;432;335;16;11;14;111;3;41;34;20;1;0;0;23;0;12;9;7;2;0;0;0;0;1;0;12;1;1;0;27;1;10;6;198;14;4;36;32;0;8;46;2;2;0;0;5;0;11;21;712;36;56;31;28;2;25;46;1752;12;23;21;1283;14;470;159;14;169;2;381;12;18;3;1726;0;10;0;5;3;26;4;1144;11;29;1;16;0;1;0;11;7;9;0;11;56;36;18;402;0;1;0;3;2;2;0;16;0;0;0;0;0;1;0;9;3;10;1;9;1;1;1;23;4;7;1;22;15;12;9;396;179;651;2;1621;28;29;10;1208;9;53;0;10;7;42;9;449;23;31;0;10;0;0;1;12;31;37;1;9;28;48;20;155;313;1242;3;988;9;14;3;403;4;19;3;10;6;10;18;354;1345;1041;22;434;15;7;22;134;1150;431;7;419;403;165;353;1287;0
564;357;15;251;264;15;223;966;19;18;1;0;240;18;442;2161;348;107;10;33;16;1;23;37;217;33;7;15;805;43;1722;1417;18;11;1;14;20;2;8;57;1;1;0;0;8;0;7;21;247;35;8;6;17;0;38;49;337;16;6;10;1458;9;1280;489;254;22;18;24;98;4;35;32;18;1;0;0;35;0;20;19;10;2;0;0;1;1;2;1;22;0;2;0;38;0;15;13;181;15;12;44;46;0;6;38;2;1;0;1;18;0;5;24;865;39;63;39;27;0;40;59;1622;14;26;26;1127;8;481;158;22;247;3;413;17;17;2;1748;5;5;0;9;9;37;6;1495;16;29;1;22;0;0;2;14;8;9;0;11;62;43;28;489;0;3;0;4;0;0;0;28;0;0;0;0;0;1;1;8;5;12;0;5;2;1;1;24;8;11;1;10;21;21;10;418;218;790;7;1560;35;38;11;1268;14;62;1;27;9;40;5;536;16;44;2;12;1;1;1;15;46;40;1;14;38;64;16;169;433;1790;8;1268;16;16;11;532;3;26;0;12;8;21;27;498;2353;1458;19;476;13;11;21;165;1383;460;8;414;509;148;479;1445;0
468;270;19;220;280;13;192;771;13;17;2;4;204;17;339;1628;275;79;16;29;15;2;13;31;215;21;0;12;649;34;1412;1211;20;15;0;6;9;0;8;54;0;0;0;0;5;1;6;21;208;25;8;9;16;1;25;24;320;14;5;11;1248;15;1045;379;214;14;11;10;90;2;22;25;12;0;2;1;33;0;20;12;11;1;1;1;2;0;0;1;11;0;0;0;30;2;22;16;187;22;8;28;18;0;4;34;6;1;0;1;9;2;9;14;838;34;42;31;27;1;26;49;1672;12;31;18;1014;10;357;129;14;182;1;340;14;16;2;1840;1;8;0;2;9;33;7;1229;12;23;1;11;0;0;2;14;7;13;2;6;49;29;26;410;1;6;0;3;2;0;0;16;0;0;0;0;1;0;0;17;5;9;1;3;3;3;0;25;2;6;0;17;14;18;10;330;217;700;4;1406;28;27;10;1077;8;48;0;23;11;33;8;382;18;41;1;9;0;0;3;7;28;34;0;21;32;43;18;118;404;1433;10;1023;11;13;8;366;3;19;0;7;13;20;12;369;1926;1115;16;383;12;6;20;141;1280;407;15;316;394;107;356;1112;0
459;219;23;145;152;19;149;1100;28;30;3;4;200;41;230;2745;197;55;12;20;4;1;15;31;178;25;1;9;310;38;607;856;13;8;1;3;5;0;8;65;1;1;0;0;1;1;7;42;111;11;7;6;9;0;35;54;169;5;4;9;523;5;447;329;175;4;12;12;38;0;10;21;16;0;1;2;28;0;7;12;29;2;1;0;1;0;0;0;27;0;1;4;26;0;3;16;90;10;10;35;12;0;3;35;4;0;0;0;3;0;7;34;972;17;67;41;14;1;42;40;1622;7;32;24;544;6;288;118;29;177;2;186;20;27;3;1718;4;14;0;6;12;55;4;1813;28;24;2;8;0;0;2;9;17;18;0;3;61;33;14;398;2;7;0;0;0;0;0;27;0;0;0;0;1;0;0;23;4;2;1;5;1;0;0;22;4;9;0;8;14;11;4;253;145;296;0;502;15;22;5;649;13;51;1;17;9;42;7;348;33;29;0;8;1;1;3;10;44;36;1;9;32;49;19;111;186;447;6;438;5;8;8;251;5;24;1;5;5;16;7;332;2514;674;16;270;10;11;28;108;1560;281;12;218;282;99;317;1103;1
360;239;14;183;218;12;149;629;12;9;1;1;141;13;311;1423;213;80;9;29;10;3;18;22;179;26;3;8;706;24;1682;1037;15;9;0;5;13;0;6;41;2;2;0;0;3;0;3;18;167;13;10;8;13;1;29;22;287;13;5;9;1744;10;1114;334;181;12;11;15;55;4;16;13;19;0;1;2;14;0;14;13;5;0;0;1;1;0;1;0;17;1;1;0;25;0;4;10;136;11;8;23;17;0;7;26;1;0;1;0;11;1;11;17;585;27;40;20;22;1;19;38;1191;12;20;19;1013;7;372;112;15;194;1;292;14;13;2;1316;1;2;0;4;7;26;4;913;5;24;0;12;0;1;0;8;6;3;0;5;39;29;18;322;0;3;0;1;0;2;0;11;0;0;0;0;0;0;1;8;3;5;0;12;2;1;1;17;2;7;0;8;14;11;4;257;174;684;3;1444;26;24;14;936;9;30;0;15;4;16;7;294;12;26;0;10;1;0;0;5;24;24;0;15;21;28;11;105;308;1649;3;1017;14;13;7;342;4;17;0;6;7;12;13;355;1471;1079;14;329;7;4;13;96;896;318;4;250;376;110;315;968;0
423;185;16;180;276;12;181;713;16;7;3;2;172;9;244;1104;176;48;7;14;6;3;15;29;205;18;5;9;774;34;1364;929;8;10;4;5;13;0;8;31;3;1;0;0;3;5;7;7;156;18;5;4;18;3;29;21;520;21;5;11;2371;14;1249;408;261;14;20;12;125;3;31;35;10;0;2;1;34;0;13;12;14;1;0;2;3;1;0;0;18;0;2;1;46;0;11;16;192;12;4;29;28;1;8;36;4;2;2;0;11;0;4;17;679;25;27;27;37;1;27;45;2428;14;17;33;1899;20;447;130;19;180;0;476;12;12;6;2575;1;7;0;4;4;28;5;1177;10;25;0;21;0;0;0;20;9;7;0;11;48;30;16;418;2;4;0;8;1;3;0;25;0;0;0;0;1;1;1;7;4;13;0;7;0;0;0;24;5;8;0;19;17;19;10;411;190;747;5;2562;38;44;12;1804;9;44;0;17;11;25;11;460;12;33;0;20;0;1;2;20;32;26;0;20;13;48;10;176;263;1338;3;1216;19;10;6;469;3;17;0;6;13;13;14;272;1207;903;23;417;10;14;16;164;1140;412;6;398;407;140;286;1277;1
541;280;23;192;322;12;206;820;12;17;0;3;225;24;349;1557;285;96;19;31;10;1;20;38;186;38;3;12;721;31;1568;1100;18;13;1;14;16;0;7;69;0;1;0;0;2;1;7;28;219;23;10;9;14;1;47;30;352;15;2;7;1287;16;1110;425;276;17;15;13;82;3;33;34;15;0;0;2;29;0;21;17;11;1;1;1;2;0;3;0;23;0;0;1;29;1;7;12;201;16;10;37;32;1;7;31;5;3;0;0;12;2;10;22;812;29;58;43;36;0;41;52;1561;11;25;16;997;13;409;132;19;229;1;354;15;19;2;1602;1;13;0;6;8;37;4;1219;15;30;1;16;0;0;1;12;13;9;0;13;51;42;26;395;0;2;0;4;2;3;0;22;0;0;0;1;0;0;0;5;2;13;0;7;0;2;0;30;5;8;0;21;14;26;11;395;190;787;3;1444;40;32;11;1101;7;66;1;26;7;49;8;438;26;45;1;14;0;0;0;16;39;40;0;17;52;52;21;133;394;1650;4;1216;15;14;7;488;7;19;1;8;9;20;14;416;1841;1153;27;464;17;16;14;171;1216;463;16;413;446;151;443;1317;0
436;301;21;188;228;17;178;988;23;16;3;2;219;22;404;2321;287;132;8;24;11;0;21;31;181;35;4;11;633;40;1472;1393;14;13;2;14;8;0;1;59;1;1;0;1;2;0;5;21;189;23;7;3;12;0;32;35;326;18;2;6;1556;15;1073;448;262;6;10;10;58;3;16;33;14;0;1;3;25;0;16;12;13;3;1;0;2;0;1;0;14;2;2;0;33;0;16;15;187;11;4;32;17;0;8;33;4;2;0;0;7;1;8;20;948;33;42;38;24;0;27;48;1813;23;16;23;1239;10;489;237;19;192;1;341;15;17;2;1698;5;9;0;7;7;30;5;1517;11;29;1;13;2;2;0;11;10;7;0;7;35;30;20;499;1;2;0;2;1;1;0;20;1;0;0;0;0;0;3;9;5;14;0;10;2;2;1;22;2;7;1;18;25;18;11;360;197;705;4;1550;22;33;10;1163;13;43;0;19;8;39;5;480;23;26;0;19;2;1;0;26;31;36;1;15;23;52;26;239;473;2610;6;1174;16;15;6;450;9;20;0;6;8;16;19;447;2487;1878;20;450;15;29;21;213;1428;479;10;385;488;217;430;1776;0
411;170;13;137;280;9;168;557;13;9;2;2;150;9;259;1058;173;74;8;12;7;3;16;15;165;12;2;7;576;12;932;700;8;9;3;2;16;0;11;52;0;1;0;1;3;2;6;19;145;18;9;7;14;1;17;28;302;14;6;3;1304;8;780;297;248;15;14;20;75;1;25;27;18;0;2;2;23;0;11;10;13;2;0;2;2;0;0;1;22;0;0;0;30;0;9;6;155;16;9;36;23;0;8;28;8;1;1;0;6;1;6;11;567;23;36;29;28;1;42;36;1239;10;33;26;830;10;248;129;23;179;0;319;11;22;5;1420;2;7;0;2;5;26;4;785;6;22;1;14;0;1;3;7;10;6;0;6;51;33;17;316;1;3;0;7;0;2;1;29;0;0;0;0;1;2;2;8;5;4;0;17;1;1;1;29;2;0;0;19;22;21;8;340;179;586;7;1335;16;30;10;1053;8;49;0;32;9;23;7;333;14;24;1;18;0;2;2;14;22;31;0;27;24;25;18;152;245;967;5;914;17;8;7;393;4;13;1;10;6;10;9;287;910;747;19;351;18;16;16;153;734;326;8;316;273;136;290;1274;0
487;293;26;243;225;10;166;851;26;17;3;6;205;24;538;2661;298;75;21;24;8;1;30;31;199;26;9;9;970;35;2897;1685;19;13;1;3;10;0;9;63;0;0;0;0;0;3;2;26;203;27;8;5;15;0;29;32;372;11;4;10;1871;11;1521;415;235;12;12;14;80;2;17;25;16;0;0;3;19;2;21;5;12;0;1;0;0;0;0;0;13;0;1;1;26;0;18;14;198;17;6;29;27;0;1;30;3;1;0;0;8;1;9;24;942;42;41;31;35;1;34;37;2082;16;18;16;1181;8;422;120;14;211;2;356;11;15;5;1807;0;10;0;7;8;28;12;1335;19;38;0;14;0;0;1;12;10;7;0;7;49;28;34;405;0;6;0;3;0;0;1;16;0;0;0;1;0;0;0;6;10;9;0;5;1;3;0;20;5;6;0;10;21;17;4;322;213;1005;4;2031;29;31;4;1195;7;53;0;17;8;35;5;417;20;41;1;11;0;1;2;10;33;34;0;18;37;41;23;107;512;3360;2;1778;20;17;10;444;4;21;0;10;6;23;7;360;2660;1756;22;448;9;12;17;138;1529;418;2;321;443;134;383;1141;1
532;304;18;209;227;16;194;463;14;10;4;4;175;12;315;1187;320;125;22;49;24;3;29;42;221;28;6;12;1089;21;3947;1348;16;21;4;10;14;0;17;56;0;1;0;0;3;2;2;17;181;40;11;14;23;1;35;54;236;16;4;11;1879;13;2197;506;218;28;13;27;77;2;28;45;7;0;5;1;32;0;11;13;7;1;0;1;3;1;0;2;11;1;3;3;26;1;21;11;187;22;12;56;35;1;20;38;1;2;0;2;10;2;5;10;457;43;48;48;26;0;40;63;773;12;15;14;919;16;513;181;17;151;0;282;9;15;3;867;3;9;0;4;5;38;6;858;17;26;0;13;1;1;1;10;7;1;0;0;73;56;41;440;0;5;0;3;1;2;0;22;0;0;0;0;0;0;0;8;2;12;0;7;0;3;0;13;2;7;1;13;21;25;18;369;160;1227;7;1894;26;28;13;1062;11;68;0;27;8;48;6;431;14;31;1;21;0;2;3;19;36;48;0;25;43;71;34;229;360;4043;5;2123;14;16;10;544;2;27;1;16;4;35;22;448;1105;1456;10;544;13;16;18;229;779;424;5;361;416;198;463;1632;1
